{"name":"Vazir","type":"TTF","desc":{"CapHeight":800,"XHeight":528,"FontBBox":"[-481 -467 1599 1150]","Flags":4,"Ascent":1050,"Descent":-513,"Leading":0,"ItalicAngle":0,"StemV":87,"MissingWidth":248},"unitsPerEm":2048,"up":-269,"ut":49,"strp":259,"strs":50,"ttffile":"\/home\/mohammad\/freelanceProject\/barbari\/public\/export\/fonts\/Vazir.ttf","TTCfontID":0,"originalsize":84096,"sip":false,"smp":false,"BMPselected":false,"fontkey":"vazir","panose":" 0 0 2 b 6 3 3 8 4 2 2 4","haskerninfo":false,"haskernGPOS":true,"hassmallcapsGSUB":false,"fontmetrics":"win","useOTL":255,"rtlPUAstr":"\\x{0E005}-\\x{0E009}\\x{0E00B}-\\x{0E014}","GSUBScriptLang":{"DFLT":"DFLT ","arab":"DFLT KUR  SND  URD  "},"GSUBFeatures":{"DFLT":{"DFLT":{"liga":[8]}},"arab":{"DFLT":{"fina":[0],"medi":[1],"init":[2],"rlig":[3,4,5],"liga":[6,7]},"KUR ":{"fina":[0],"medi":[1],"init":[2],"rlig":[3,4,5],"liga":[6,7]},"SND ":{"fina":[0],"medi":[1],"init":[2],"rlig":[4,5],"liga":[6,7]},"URD ":{"fina":[0],"medi":[1],"init":[2],"rlig":[4,5],"liga":[6,7]}}},"GSUBLookups":[{"Type":1,"Flag":9,"SubtableCount":1,"Subtables":[11380],"MarkFilteringSet":""},{"Type":1,"Flag":9,"SubtableCount":1,"Subtables":[11510],"MarkFilteringSet":""},{"Type":1,"Flag":9,"SubtableCount":1,"Subtables":[11634],"MarkFilteringSet":""},{"Type":4,"Flag":1,"SubtableCount":1,"Subtables":[11758],"MarkFilteringSet":""},{"Type":4,"Flag":1,"SubtableCount":1,"Subtables":[11818],"MarkFilteringSet":""},{"Type":4,"Flag":9,"SubtableCount":1,"Subtables":[11960],"MarkFilteringSet":""},{"Type":4,"Flag":9,"SubtableCount":1,"Subtables":[11998],"MarkFilteringSet":""},{"Type":4,"Flag":1,"SubtableCount":1,"Subtables":[12068],"MarkFilteringSet":""},{"Type":4,"Flag":0,"SubtableCount":1,"Subtables":[12246],"MarkFilteringSet":""}],"GPOSScriptLang":{"DFLT":"DFLT ","arab":"DFLT KUR  SND  URD  ","armn":"DFLT ","brai":"DFLT ","cans":"DFLT ","cher":"DFLT ","cyrl":"DFLT MKD  SRB  ","geor":"DFLT ","grek":"DFLT ","hani":"DFLT ","hebr":"DFLT ","kana":"DFLT ","lao ":"DFLT ","latn":"DFLT ISM  KSM  LSM  MOL  NSM  ROM  SKS  SSM  ","math":"DFLT ","nko ":"DFLT ","ogam":"DFLT ","runr":"DFLT ","tfng":"DFLT ","thai":"DFLT "},"GPOSFeatures":{"DFLT":{"DFLT":{"kern":[6,7]}},"arab":{"DFLT":{"mkmk":[0,1],"mark":[2,3,4,5],"kern":[6]},"KUR ":{"mkmk":[0,1],"mark":[2,3,4,5],"kern":[6]},"SND ":{"mkmk":[0,1],"mark":[2,3,4,5],"kern":[6]},"URD ":{"mkmk":[0,1],"mark":[2,3,4,5],"kern":[6]}},"armn":{"DFLT":{"kern":[6]}},"brai":{"DFLT":{"kern":[6]}},"cans":{"DFLT":{"kern":[6]}},"cher":{"DFLT":{"kern":[6]}},"cyrl":{"DFLT":{"kern":[6]},"MKD ":{"kern":[6]},"SRB ":{"kern":[6]}},"geor":{"DFLT":{"kern":[6]}},"grek":{"DFLT":{"kern":[6]}},"hani":{"DFLT":{"kern":[6]}},"hebr":{"DFLT":{"mark":[2,3,4,5],"kern":[6]}},"kana":{"DFLT":{"kern":[6]}},"lao ":{"DFLT":{"kern":[6]}},"latn":{"DFLT":{"kern":[6]},"ISM ":{"kern":[6]},"KSM ":{"kern":[6]},"LSM ":{"kern":[6]},"MOL ":{"kern":[6]},"NSM ":{"kern":[6]},"ROM ":{"kern":[6]},"SKS ":{"kern":[6]},"SSM ":{"kern":[6]}},"math":{"DFLT":{"kern":[6]}},"nko ":{"DFLT":{"mark":[2,3,4,5],"kern":[6]}},"ogam":{"DFLT":{"kern":[6]}},"runr":{"DFLT":{"kern":[6]}},"tfng":{"DFLT":{"kern":[6]}},"thai":{"DFLT":{"kern":[6]}}},"GPOSLookups":[{"Type":6,"Flag":1,"SubtableCount":1,"Subtables":[1146],"MarkFilteringSet":""},{"Type":6,"Flag":1,"SubtableCount":1,"Subtables":[1236],"MarkFilteringSet":""},{"Type":5,"Flag":1,"SubtableCount":1,"Subtables":[1700],"MarkFilteringSet":""},{"Type":4,"Flag":1,"SubtableCount":1,"Subtables":[1926],"MarkFilteringSet":""},{"Type":5,"Flag":1,"SubtableCount":1,"Subtables":[3800],"MarkFilteringSet":""},{"Type":4,"Flag":1,"SubtableCount":1,"Subtables":[4230],"MarkFilteringSet":""},{"Type":2,"Flag":9,"SubtableCount":3,"Subtables":[6308,7468,7522],"MarkFilteringSet":""},{"Type":2,"Flag":0,"SubtableCount":4,"Subtables":[7566,7916,8150,8266],"MarkFilteringSet":""}],"kerninfo":[]}