{"rtlSUB":{"00622":{"1":"0FE82"},"00623":{"1":"0FE84"},"00624":{"1":"0FE86"},"00625":{"1":"0FE88"},"00626":{"1":"0FE8A","3":"0FE8C","2":"0FE8B"},"00627":{"1":"0FE8E"},"00628":{"1":"0FE90","3":"0FE92","2":"0FE91"},"00629":{"1":"0FE94"},"0062A":{"1":"0FE96","3":"0FE98","2":"0FE97"},"0062B":{"1":"0FE9A","3":"0FE9C","2":"0FE9B"},"0062C":{"1":"0FE9E","3":"0FEA0","2":"0FE9F"},"0062D":{"1":"0FEA2","3":"0FEA4","2":"0FEA3"},"0062E":{"1":"0FEA6","3":"0FEA8","2":"0FEA7"},"0062F":{"1":"0FEAA"},"00630":{"1":"0FEAC"},"00631":{"1":"0FEAE"},"00632":{"1":"0FEB0"},"00633":{"1":"0FEB2","3":"0FEB4","2":"0FEB3"},"00634":{"1":"0FEB6","3":"0FEB8","2":"0FEB7"},"00635":{"1":"0FEBA","3":"0FEBC","2":"0FEBB"},"00636":{"1":"0FEBE","3":"0FEC0","2":"0FEBF"},"00637":{"1":"0FEC2","3":"0FEC4","2":"0FEC3"},"00638":{"1":"0FEC6","3":"0FEC8","2":"0FEC7"},"00639":{"1":"0FECA","3":"0FECC","2":"0FECB"},"0063A":{"1":"0FECE","3":"0FED0","2":"0FECF"},"00641":{"1":"0FED2","3":"0FED4","2":"0FED3"},"00642":{"1":"0FED6","3":"0FED8","2":"0FED7"},"00643":{"1":"0FEDA","3":"0FEDC","2":"0FEDB"},"00644":{"1":"0FEDE","3":"0FEE0","2":"0FEDF"},"00645":{"1":"0FEE2","3":"0FEE4","2":"0FEE3"},"00646":{"1":"0FEE6","3":"0FEE8","2":"0FEE7"},"00647":{"1":"0FEEA","3":"0FEEC","2":"0FEEB"},"00648":{"1":"0FEEE"},"00649":{"1":"0FEF0","3":"0FBE9","2":"0FBE8"},"0064A":{"1":"0FEF2","3":"0FEF4","2":"0FEF3"},"0066E":{"1":"0E005"},"0066F":{"1":"0E009"},"0067E":{"1":"0FB57","3":"0FB59","2":"0FB58"},"00686":{"1":"0FB7B","3":"0FB7D","2":"0FB7C"},"00698":{"1":"0FB8B"},"006A1":{"1":"0E006","3":"0E008","2":"0E007"},"006A9":{"1":"0FB8F","3":"0FB91","2":"0FB90"},"006AF":{"1":"0FB93","3":"0FB95","2":"0FB94"},"006BA":{"1":"0FB9F"},"006C0":{"1":"0FBA5"},"006CA":{"1":"0E014"},"006CC":{"1":"0FBFD","3":"0FBFF","2":"0FBFE"},"006D5":{"1":"0E00B"}},"finals":"0FE82 0FE84 0FE86 0FE88 0FE8A 0FE90 0FE96 0FE9A 0FE9E 0FEA6 0FEAC 0FEB0 0FEB2 0FEB6 0FEBA 0FEBE 0FEC6 0FECE 0FEE2 0FEE6 0FEEA 0E005 0E009 0FB57 0FB7B 0FB8B 0E006 0FB8F 0FB9F 0FBA5 0E014 0FBFD 0E00B ","rphf":[],"half":[],"pref":[],"blwf":[],"pstf":[]}